datetime,tempmax,tempmin,temp mean,precip (inches),precipprob,preciptype,snow (inches),conditions
1/1/22,60.4,39.7,49,0.55,100,rain,0,"Rain, Overcast"
1/2/22,38.4,24.5,29.6,0.032,100,"rain,snow",0,"Snow, Rain, Partially cloudy"
1/3/22,30.2,21.8,25.1,0,0,,0,Partially cloudy
1/4/22,41.3,22.3,30.7,0,0,,0,Partially cloudy
1/5/22,39.7,15.1,30.1,0,0,,0,Partially cloudy
1/6/22,17.9,10,14.8,0,0,,0,Partially cloudy
1/7/22,19,3.2,11.2,0,0,,0,Partially cloudy
1/8/22,39,15.5,24.6,0.067,100,"rain,snow",0,"Snow, Rain, Partially cloudy"
1/9/22,42.4,19.4,33.7,0.273,100,rain,0,"Rain, Partially cloudy"
1/10/22,28,13.3,19.6,0,0,,0,Partially cloudy
1/11/22,33.1,10.4,21.6,0,0,,0,Clear
1/12/22,46.8,33.2,38.8,0,0,,0,Partially cloudy
1/13/22,44,29.6,35.3,0,0,,0,Partially cloudy
1/14/22,35.9,30.3,33,0,0,,0.2,Overcast
1/15/22,33.1,19.9,25.7,0.029,100,snow,0.1,"Snow, Partially cloudy"
1/16/22,36.3,16,24.5,0,0,snow,0,Clear
1/17/22,27.4,23.4,25.7,0,0,snow,0,Overcast
1/18/22,43.8,22.9,32.8,0,0,,0,Partially cloudy
1/19/22,44,20.5,35.3,0,0,,0,Partially cloudy
1/20/22,23.5,13.4,19.4,0,0,,0,Partially cloudy
1/21/22,25.4,16,19.9,0,0,,0,Partially cloudy
1/22/22,32,12.4,21.5,0,0,,0,Partially cloudy
1/23/22,34.4,21.6,27,0.011,100,snow,0.2,"Snow, Partially cloudy"
1/24/22,37.9,22.1,28.7,0.006,100,"rain,snow",0,"Snow, Rain, Overcast"
1/25/22,24.2,9.4,16.7,0,0,,0,Partially cloudy
1/26/22,20.4,0.4,10.2,0,0,,0,Clear
1/27/22,30,11.5,22.8,0.006,100,snow,0,"Snow, Partially cloudy"
1/28/22,29.9,8.5,22.2,0.012,100,snow,0.2,"Snow, Partially cloudy"
1/29/22,25.6,3.8,15,0,0,,0.1,Partially cloudy
1/30/22,36,17.4,25.9,0,0,,0,Partially cloudy
1/31/22,38.4,17.5,28.4,0,0,,0,Partially cloudy
2/1/22,57.9,31.4,45,0,0,,0,Partially cloudy
2/2/22,50.6,26.5,38.6,1.163,100,"rain,freezingrain,snow",0.6,"Snow, Rain, Freezing Drizzle/Freezing Rain, Overcast"
2/3/22,26.9,20,22.2,0.346,100,snow,2.3,"Snow, Overcast"
2/4/22,20.9,12.7,17.9,0.007,100,snow,1,"Snow, Partially cloudy"
2/5/22,20.4,2.9,13.8,0,0,snow,0,Partially cloudy
2/6/22,37.1,12.9,23.7,0,0,,0,Clear
2/7/22,25.8,13.1,21.4,0,0,,0,Partially cloudy
2/8/22,45.7,9.7,28.3,0,0,,0,Partially cloudy
2/9/22,45.7,36.4,40.4,0,0,rain,0,Partially cloudy
2/10/22,37.2,28.2,33,0,0,snow,0,Partially cloudy
2/11/22,44.6,30,37.6,0.078,100,rain,0,"Rain, Partially cloudy"
2/12/22,34,17.4,24.2,0.003,100,snow,0.1,"Snow, Overcast"
2/13/22,20.4,11.4,16.8,0.012,100,snow,0.1,"Snow, Partially cloudy"
2/14/22,27.5,10.4,18.4,0,0,,0,Partially cloudy
2/15/22,45.3,18.6,31.8,0,0,,0,Partially cloudy
2/16/22,59.3,43.8,52.9,0,0,rain,0,Partially cloudy
2/17/22,60,27,43.6,1.471,100,"rain,snow,ice",0.4,"Snow, Rain, Ice, Overcast"
2/18/22,31.3,15.6,24.1,0,0,snow,0,Partially cloudy
2/19/22,33.5,19.1,23.8,0,0,,0,Clear
2/20/22,55.9,19.1,38,0,0,,0,Clear
2/21/22,61.7,35.6,50.3,0,0,rain,0,Partially cloudy
2/22/22,61.4,31.4,52.1,0.532,100,rain,0,"Rain, Overcast"
2/23/22,30.3,23.6,25.6,0,0,snow,0,Overcast
2/24/22,31.3,25.1,28.5,0.219,100,"freezingrain,snow,ice",0.7,"Snow, Freezing Drizzle/Freezing Rain, Ice, Overcast"
2/25/22,30.4,24.6,27.7,0.007,100,"rain,freezingrain,snow",0,"Snow, Rain, Freezing Drizzle/Freezing Rain, Overcast"
2/26/22,35.3,23.5,27.7,0,0,,0,Partially cloudy
2/27/22,46.9,22.6,34.2,0,0,,0,Clear
2/28/22,52.4,26.6,38.5,0,0,freezingrain,0,Partially cloudy
3/1/22,64.4,38.9,49.7,0,0,,0,Partially cloudy
3/2/22,65.7,35.7,50.4,0,0,rain,0,Partially cloudy
3/3/22,53.3,34.5,38,0,0,,0,Partially cloudy
3/4/22,51.5,29,40.4,0,0,,0,Partially cloudy
3/5/22,76.2,42.6,59.3,0,0,rain,0,Partially cloudy
3/6/22,69.3,47.9,58.2,0.177,100,rain,0,"Rain, Partially cloudy"
3/7/22,46.1,33.5,38.4,1.629,100,"rain,snow",0,"Snow, Rain, Overcast"
3/8/22,37.9,30,33.7,0,0,,0,Partially cloudy
3/9/22,48.2,33.5,39.7,0,0,,0,Partially cloudy
3/10/22,47.8,29.8,38.3,0,0,,0,Partially cloudy
3/11/22,37.3,24.5,30.5,0.011,100,snow,0.2,"Snow, Overcast"
3/12/22,24.6,13.4,19.6,0,0,,0,Partially cloudy
3/13/22,53.4,16.9,36.5,0,0,,0,Partially cloudy
3/14/22,64.6,36.9,49.7,0,0,,0,Clear
3/15/22,66.8,46.9,56,0,0,rain,0,Partially cloudy
3/16/22,70.5,41.5,55.7,0,0,,0,Clear
3/17/22,73.4,42.5,58.2,0,0,,0,Partially cloudy
3/18/22,63.5,50.6,55.5,0.555,100,rain,0,"Rain, Partially cloudy"
3/19/22,54.5,40.3,45.8,0.199,100,rain,0,"Rain, Overcast"
3/20/22,63.4,35.3,48.6,0,0,,0,Clear
3/21/22,71.9,41.9,57,0,0,,0,Partially cloudy
3/22/22,59.2,49.2,52.9,1.247,100,rain,0,"Rain, Overcast"
3/23/22,64.1,47.8,55.1,0.731,100,rain,0,"Rain, Overcast"
3/24/22,47.4,41.8,44,0.007,100,rain,0,"Rain, Overcast"
3/25/22,44.9,39.3,41.6,0.072,100,rain,0,"Rain, Overcast"
3/26/22,38.9,30,33.9,0.002,100,snow,0.2,"Snow, Overcast"
3/27/22,37.4,25,31.2,0,0,,0,Partially cloudy
3/28/22,40.4,22.4,32,0,0,snow,0,Partially cloudy
3/29/22,42.1,31.9,36.8,0,0,snow,0,Overcast
3/30/22,78.3,41.9,59.8,0.029,100,rain,0,"Rain, Partially cloudy"
3/31/22,59.8,35.6,44.2,0.081,100,"rain,snow",0,"Snow, Rain, Overcast"
4/1/22,43,33.5,37.3,0.014,100,snow,0,"Snow, Partially cloudy"
4/2/22,55,29.2,40.4,0.037,100,rain,0,"Rain, Partially cloudy"
4/3/22,57.7,32.3,44.7,0,0,,0,Partially cloudy
4/4/22,63.1,44.5,51.8,0.017,100,rain,0,"Rain, Partially cloudy"
4/5/22,56.3,40.3,48.3,0.108,100,rain,0,"Rain, Partially cloudy"
4/6/22,57.2,49.4,51.5,0.394,100,rain,0,"Rain, Partially cloudy"
4/7/22,48.3,40.3,44.9,0,0,rain,0,Partially cloudy
4/8/22,45.7,37.4,40.3,0.062,100,"rain,snow",0,"Snow, Rain, Overcast"
4/9/22,44.9,33.5,38.3,0.005,100,"rain,snow",0,"Snow, Rain, Overcast"
4/10/22,63.9,32,47.9,0,0,freezingrain,0,Partially cloudy
4/11/22,65.8,51.6,58.2,0.375,100,rain,0,"Rain, Partially cloudy"
4/12/22,65.9,48.1,58.1,0.036,100,rain,0,"Rain, Partially cloudy"
4/13/22,67.8,60.5,64.6,0.874,100,rain,0,"Rain, Partially cloudy"
4/14/22,57.8,36,48.2,0.075,100,rain,0,"Rain, Partially cloudy"
4/15/22,68,44.7,54.8,0.006,100,rain,0,"Rain, Partially cloudy"
4/16/22,57,42.8,51,0.012,100,rain,0,"Rain, Partially cloudy"
4/17/22,51.1,33.1,42.7,0,0,,0,Partially cloudy
4/18/22,46,33.5,38.7,0.229,100,"rain,snow",1.5,"Snow, Rain, Overcast"
4/19/22,50.5,32.9,41.7,0.006,100,rain,0,"Rain, Partially cloudy"
4/20/22,63.9,43.7,52.7,0,0,rain,0,Partially cloudy
4/21/22,68.5,53.4,58.8,0.237,100,rain,0,"Rain, Partially cloudy"
4/22/22,75.8,52,62.9,0.001,100,rain,0,"Rain, Partially cloudy"
4/23/22,84.4,58.8,72.3,0,0,,0,Partially cloudy
4/24/22,80.1,68.7,73.8,0,0,rain,0,Partially cloudy
4/25/22,71.8,47.4,59,0.886,100,rain,0,"Rain, Overcast"
4/26/22,53.7,37.7,45,0,0,,0,Partially cloudy
4/27/22,61.6,35.9,48.1,0.004,100,rain,0,"Rain, Partially cloudy"
4/28/22,60.2,44.8,52.6,0,0,rain,0,Partially cloudy
4/29/22,70.1,52.3,59.8,0.026,100,rain,0,"Rain, Overcast"
4/30/22,77,54.5,64.1,0.203,100,rain,0,"Rain, Partially cloudy"
5/1/22,65.1,55.1,60.5,1.061,100,rain,0,"Rain, Partially cloudy"
5/2/22,67.2,44.3,57,0,0,rain,0,Partially cloudy
5/3/22,74.3,53.5,63,0.354,100,rain,0,"Rain, Overcast"
5/4/22,60.5,48.3,54.2,0,0,rain,0,Overcast
5/5/22,57.2,52,55.1,0.323,100,rain,0,"Rain, Overcast"
5/6/22,61.7,52.9,57.8,0.213,100,rain,0,"Rain, Overcast"
5/7/22,66.8,51.5,58.1,0.026,100,rain,0,"Rain, Partially cloudy"
5/8/22,68.5,46.5,58.9,0,0,,0,Partially cloudy
5/9/22,79,53.4,66.8,0,0,,0,Partially cloudy
5/10/22,86.4,64.2,74.8,0,0,,0,Partially cloudy
5/11/22,88.8,72.7,79.9,0,0,rain,0,Partially cloudy
5/12/22,86.6,64.8,76.4,0,0,,0,Partially cloudy
5/13/22,84.9,61,74.4,0,0,,0,Partially cloudy
5/14/22,84.3,63.4,70.4,0.136,100,rain,0,"Rain, Partially cloudy"
5/15/22,84.4,56.8,70.4,0.031,100,rain,0,"Rain, Partially cloudy"
5/16/22,75.4,54.8,65.7,0.174,100,rain,0,"Rain, Partially cloudy"
5/17/22,78.9,56,68,0,0,,0,Partially cloudy
5/18/22,67.4,61.3,63.8,0.528,100,rain,0,"Rain, Partially cloudy"
5/19/22,81.5,59.7,68.4,0.04,100,rain,0,"Rain, Partially cloudy"
5/20/22,87.5,65.4,76.1,0.991,100,rain,0,"Rain, Partially cloudy"
5/21/22,80.4,65.9,73.8,0.104,100,rain,0,"Rain, Partially cloudy"
5/22/22,66.3,56.4,61.5,0.007,100,rain,0,"Rain, Partially cloudy"
5/23/22,67.9,50.6,59.1,0,0,,0,Partially cloudy
5/24/22,74.5,51.9,64,0,0,,0,Partially cloudy
5/25/22,82.8,62.5,70.9,0.342,100,rain,0,"Rain, Partially cloudy"
5/26/22,71.9,62.5,68.2,0.753,100,rain,0,"Rain, Partially cloudy"
5/27/22,69.3,56.4,61.5,0.119,100,rain,0,"Rain, Partially cloudy"
5/28/22,72.8,52.1,62.3,0,0,,0,Partially cloudy
5/29/22,81.5,57.4,70.1,0,0,,0,Partially cloudy
5/30/22,87.5,65.8,77,0,0,rain,0,Clear
5/31/22,87.6,69.1,79.1,0.001,100,rain,0,"Rain, Partially cloudy"
6/1/22,84.3,70.9,76.9,0.075,100,rain,0,"Rain, Partially cloudy"
6/2/22,76.3,62.1,69.9,0.015,100,rain,0,"Rain, Partially cloudy"
6/3/22,81.6,57,70.2,0,0,,0,Partially cloudy
6/4/22,83.4,58.6,71.7,0,0,,0,Partially cloudy
6/5/22,82.9,61.3,72.7,0,0,,0,Partially cloudy
6/6/22,84.3,62.5,71.9,0.145,100,rain,0,"Rain, Partially cloudy"
6/7/22,78.1,65.8,70.8,0.017,100,rain,0,"Rain, Partially cloudy"
6/8/22,77.4,59.5,67,0.136,100,rain,0,"Rain, Partially cloudy"
6/9/22,77.4,57.4,66.2,0,0,rain,0,Partially cloudy
6/10/22,76.7,56.8,65.8,0.143,100,rain,0,"Rain, Partially cloudy"
6/11/22,77.5,60,67.5,0.117,100,rain,0,"Rain, Overcast"
6/12/22,82.7,65.8,73,0.409,100,rain,0,"Rain, Partially cloudy"
6/13/22,90.3,70.9,79.4,0.028,100,rain,0,"Rain, Partially cloudy"
6/14/22,93.8,77.5,86.2,0,0,,0,Partially cloudy
6/15/22,92,74.9,84.9,0,0,,0,Clear
6/16/22,92.3,79.4,85.2,0,0,rain,0,Partially cloudy
6/17/22,88.4,74.8,81.2,0,0,,0,Partially cloudy
6/18/22,80.3,63.1,71.7,0,0,,0,Clear
6/19/22,80.4,58.1,69.6,0,0,,0,Clear
6/20/22,88.3,59.7,74.3,0,0,,0,Partially cloudy
6/21/22,94.2,63.9,80,0,0,,0,Clear
6/22/22,93.3,73.2,82.5,0,0,,0,Partially cloudy
6/23/22,87.5,66.5,78,0,0,,0,Clear
6/24/22,88.4,64.3,77.8,0,0,,0,Partially cloudy
6/25/22,85.9,65.3,76.8,0,0,,0,Partially cloudy
6/26/22,83.6,70.2,76.9,0.048,100,rain,0,"Rain, Partially cloudy"
6/27/22,78.6,60.8,71.3,0,0,,0,Clear
6/28/22,82.7,56.2,70.4,0,0,,0,Partially cloudy
6/29/22,86.5,58.7,74.1,0,0,,0,Clear
6/30/22,91.6,64.5,79.4,0,0,,0,Clear
7/1/22,93.7,72.1,82.1,0.017,100,rain,0,"Rain, Partially cloudy"
7/2/22,87,70.9,78.2,0.123,100,rain,0,"Rain, Partially cloudy"
7/3/22,90.3,66.6,80.1,0,0,,0,Partially cloudy
7/4/22,91,67.2,80.5,0,0,,0,Partially cloudy
7/5/22,98.8,77.4,88,0,0,rain,0,Partially cloudy
7/6/22,92.2,80.7,86.1,0.002,100,rain,0,"Rain, Partially cloudy"
7/7/22,86.8,73.8,78.8,0.07,100,rain,0,"Rain, Partially cloudy"
7/8/22,76.8,71.2,75.1,0.737,100,rain,0,"Rain, Overcast"
7/9/22,84.6,69.5,75.5,0.016,100,rain,0,"Rain, Partially cloudy"
7/10/22,86.9,61.4,74.7,0,0,,0,Clear
7/11/22,88.4,64.3,77.5,0,0,,0,Partially cloudy
7/12/22,84.3,74.3,79.6,0,0,rain,0,Partially cloudy
7/13/22,88,68.6,77.8,0.103,100,rain,0,"Rain, Partially cloudy"
7/14/22,84.1,64.5,75.3,0,0,,0,Partially cloudy
7/15/22,80.4,64.8,72.5,0.044,100,rain,0,"Rain, Partially cloudy"
7/16/22,90.4,70.4,80,0.057,100,rain,0,"Rain, Partially cloudy"
7/17/22,80.7,70.4,74.1,0.833,100,rain,0,"Rain, Overcast"
7/18/22,83.7,68.5,74.9,0.111,100,rain,0,"Rain, Partially cloudy"
7/19/22,88.8,69.2,79.5,0,0,rain,0,Partially cloudy
7/20/22,93.2,73.3,82.8,0,0,,0,Partially cloudy
7/21/22,89.3,70.2,80.3,0,0,,0,Clear
7/22/22,91.3,72.5,81.9,0,0,,0,Clear
7/23/22,85.7,73.9,78.6,0,0,,0,Partially cloudy
7/24/22,85.2,74.5,79.3,0.231,100,rain,0,"Rain, Partially cloudy"
7/25/22,79.5,71.8,76,0,0,,0,Partially cloudy
7/26/22,74.8,67.9,71.8,0.022,100,rain,0,"Rain, Overcast"
7/27/22,84.2,71.3,76.3,0.503,100,rain,0,"Rain, Partially cloudy"
7/28/22,87.8,70.5,78.5,0,0,rain,0,Partially cloudy
7/29/22,81.4,68.8,75,0,0,,0,Partially cloudy
7/30/22,83.1,62.1,73.6,0,0,,0,Partially cloudy
7/31/22,82.3,67.6,75.5,0,0,rain,0,Partially cloudy
8/1/22,87.3,67.9,77.2,0.254,100,rain,0,"Rain, Partially cloudy"
8/2/22,83.1,69.5,76.1,0,0,,0,Partially cloudy
8/3/22,91.8,68.9,79.6,0.01,100,rain,0,"Rain, Partially cloudy"
8/4/22,83.5,72.7,75.7,0.105,100,rain,0,"Rain, Partially cloudy"
8/5/22,85.8,71.2,77.6,0.003,100,rain,0,"Rain, Partially cloudy"
8/6/22,89.8,73.9,80.3,0.143,100,rain,0,"Rain, Partially cloudy"
8/7/22,90.5,72.4,81.3,0,0,rain,0,Partially cloudy
8/8/22,91.4,75.3,81.8,0.013,100,rain,0,"Rain, Partially cloudy"
8/9/22,78.1,67.9,71.9,1.082,100,rain,0,"Rain, Overcast"
8/10/22,81.6,69.1,74,0,0,rain,0,Partially cloudy
8/11/22,83.3,63.6,73.3,0,0,rain,0,Partially cloudy
8/12/22,76.4,60.3,69.2,0,0,,0,Partially cloudy
8/13/22,78.5,57.6,69.4,0,0,rain,0,Partially cloudy
8/14/22,74.5,65.9,71.1,0.204,100,rain,0,"Rain, Overcast"
8/15/22,78.1,66.8,72.2,0,0,rain,0,Partially cloudy
8/16/22,82.4,62.6,72.9,0,0,,0,Partially cloudy
8/17/22,81.9,62.6,72.2,0,0,,0,Clear
8/18/22,82.8,62,72.7,0,0,,0,Partially cloudy
8/19/22,83,62.4,73.6,0,0,,0,Partially cloudy
8/20/22,83.7,66.8,74.7,0,0,rain,0,Partially cloudy
8/21/22,80.1,66.8,73.5,0.142,100,rain,0,"Rain, Partially cloudy"
8/22/22,80.3,64.5,71.3,0,0,rain,0,Partially cloudy
8/23/22,81.3,62.6,72.6,0,0,,0,Clear
8/24/22,82.9,61.6,72.9,0,0,,0,Partially cloudy
8/25/22,82.9,62.9,73.4,0,0,rain,0,Partially cloudy
8/26/22,84.1,67.9,75.3,0,0,rain,0,Partially cloudy
8/27/22,84.3,63.8,74.5,0,0,,0,Partially cloudy
8/28/22,90.4,69.3,79.5,0.032,100,rain,0,"Rain, Partially cloudy"
8/29/22,89,70.5,77.4,0.978,100,rain,0,"Rain, Partially cloudy"
8/30/22,81.7,65.5,72.2,1.007,100,rain,0,"Rain, Partially cloudy"
8/31/22,80.3,59.4,70.5,0,0,,0,Clear
9/1/22,85.4,61.7,74,0,0,rain,0,Partially cloudy
9/2/22,83.8,66.3,75.2,0,0,,0,Partially cloudy
9/3/22,77.7,70.3,72.8,0.12,100,rain,0,"Rain, Partially cloudy"
9/4/22,80.4,69.3,73.3,0.321,100,rain,0,"Rain, Overcast"
9/5/22,78.5,70.4,73.3,0,0,rain,0,Overcast
9/6/22,78.9,67.9,72.4,0.041,100,rain,0,"Rain, Partially cloudy"
9/7/22,78.9,64.3,71.2,0,0,rain,0,Partially cloudy
9/8/22,80,59.8,69.7,0,0,,0,Clear
9/9/22,82.1,59.3,70.9,0,0,,0,Partially cloudy
9/10/22,86,64.8,74.4,0.132,100,rain,0,"Rain, Partially cloudy"
9/11/22,74.8,63.7,70,0.609,100,rain,0,"Rain, Overcast"
9/12/22,64.8,54.5,61,0.032,100,rain,0,"Rain, Partially cloudy"
9/13/22,69.1,55.5,62.2,0,0,rain,0,Partially cloudy
9/14/22,81.5,57.2,68.5,0,0,rain,0,Clear
9/15/22,81.4,59.9,70.4,0,0,rain,0,Clear
9/16/22,82.4,60.4,70.7,0,0,,0,Partially cloudy
9/17/22,83,63.2,72.4,0,0,,0,Partially cloudy
9/18/22,84.2,62.9,73.7,0,0,,0,Partially cloudy
9/19/22,81.6,69.1,73.6,0.446,100,rain,0,"Rain, Partially cloudy"
9/20/22,86.5,62.9,74.8,0,0,,0,Clear
9/21/22,92.4,71.5,80.4,0,0,rain,0,Partially cloudy
9/22/22,76.2,54,64.5,0,0,,0,Partially cloudy
9/23/22,62.5,46.4,55.1,0,0,rain,0,Partially cloudy
9/24/22,75.8,52.6,62.9,0.34,100,rain,0,"Rain, Partially cloudy"
9/25/22,69.1,59.3,64.7,0.013,100,rain,0,"Rain, Partially cloudy"
9/26/22,66.7,51.2,58.9,0,0,,0,Partially cloudy
9/27/22,64.9,44.3,54,0,0,,0,Clear
9/28/22,61.6,44.4,52.6,0,0,rain,0,Partially cloudy
9/29/22,66.4,43.8,54.5,0,0,,0,Clear
9/30/22,69.3,45,56.4,0,0,,0,Clear
10/1/22,74.1,46.9,59.7,0,0,,0,Clear
10/2/22,71.1,51,59.9,0,0,,0,Clear
10/3/22,70.1,45.5,56.5,0,0,,0,Clear
10/4/22,71.5,40.1,55.7,0,0,,0,Clear
10/5/22,76.3,44.5,59.2,0,0,,0,Partially cloudy
10/6/22,75.3,55.2,62.9,0,0,,0,Partially cloudy
10/7/22,61.2,47.2,54,0,0,,0,Partially cloudy
10/8/22,56.9,36.6,46.5,0,0,,0,Clear
10/9/22,65,34.9,50,0,0,,0,Clear
10/10/22,73.6,42.4,57.6,0,0,,0,Clear
10/11/22,72,48.5,61,0,0,rain,0,Partially cloudy
10/12/22,69.7,52.7,62.7,0.035,100,rain,0,"Rain, Partially cloudy"
10/13/22,59.7,42.2,50.7,0.031,100,rain,0,"Rain, Partially cloudy"
10/14/22,65,37.5,51.6,0,0,rain,0,Partially cloudy
10/15/22,59.9,38.8,50.2,0,0,rain,0,Partially cloudy
10/16/22,68.1,45.9,54.5,0,0,,0,Partially cloudy
10/17/22,49.9,37.1,42,0,0,snow,0,Partially cloudy
10/18/22,44.4,33.5,39.1,0.052,100,"rain,snow",0.2,"Snow, Rain, Overcast"
10/19/22,51.2,33.5,42.3,0,0,,0,Partially cloudy
10/20/22,59.4,29.4,43.3,0,0,,0,Partially cloudy
10/21/22,74.4,41.6,55.8,0,0,,0,Partially cloudy
10/22/22,75.7,47.5,61.5,0,0,,0,Partially cloudy
10/23/22,78.2,57,66.5,0,0,,0,Partially cloudy
10/24/22,75,54,65.2,0,0,,0,Partially cloudy
10/25/22,71,57.4,62.6,0.779,100,rain,0,"Rain, Partially cloudy"
10/26/22,59,43.6,50.3,0.25,100,rain,0,"Rain, Partially cloudy"
10/27/22,55.5,36.3,45,0,0,,0,Partially cloudy
10/28/22,62.2,38.5,49,0,0,,0,Partially cloudy
10/29/22,68.1,39.5,53.1,0,0,,0,Clear
10/30/22,57.9,47.9,53.8,0.099,100,rain,0,"Rain, Partially cloudy"
10/31/22,60.3,57,58.6,0.167,100,rain,0,"Rain, Overcast"
11/1/22,67.5,52.5,58.1,0,0,rain,0,Partially cloudy
11/2/22,67.2,46.3,55.1,0,0,,0,Partially cloudy
11/3/22,71.4,46.6,57.7,0,0,,0,Clear
11/4/22,75.8,50.9,63.6,0,0,,0,Partially cloudy
11/5/22,67.3,54.6,63.7,0.073,100,rain,0,"Rain, Partially cloudy"
11/6/22,66.7,45.4,54.1,0,0,,0,Clear
11/7/22,61.7,47.3,52.9,0,0,,0,Partially cloudy
11/8/22,60.7,42.5,50.2,0,0,,0,Partially cloudy
11/9/22,71.2,42.1,55.7,0,0,,0,Partially cloudy
11/10/22,73.1,50,60.4,0,0,,0,Partially cloudy
11/11/22,56.7,33.4,49.7,0,0,,0,Partially cloudy
11/12/22,32.5,28.5,30.7,0.156,100,"rain,snow",0.6,"Snow, Rain, Partially cloudy"
11/13/22,36.8,29.5,32.6,0,0,snow,0.3,Partially cloudy
11/14/22,40.4,24.5,33,0,0,,0,Partially cloudy
11/15/22,39,34.6,36.2,0,0,"rain,snow",0,Overcast
11/16/22,35.1,29,32.5,0.022,100,snow,0.2,"Snow, Overcast"
11/17/22,33.1,27.5,30.3,0,0,snow,0,Overcast
11/18/22,31.9,25,27.6,0,0,snow,0.2,Partially cloudy
11/19/22,34.6,19.1,25.9,0,0,,0,Partially cloudy
11/20/22,31.4,14.4,23.3,0,0,,0,Clear
11/21/22,49.5,23,35.2,0,0,,0,Clear
11/22/22,55.6,27.8,39.8,0,0,,0,Clear
11/23/22,59,30.8,43.2,0,0,,0,Clear
11/24/22,57.1,32.2,45.9,0.012,100,rain,0,"Rain, Partially cloudy"
11/25/22,50.2,33.8,44.3,0.017,100,rain,0,"Rain, Partially cloudy"
11/26/22,54,25.4,39.8,0,0,,0,Partially cloudy
11/27/22,53,42.2,47.4,1.008,100,rain,0,"Rain, Overcast"
11/28/22,44.5,40.6,42.7,0.011,100,rain,0,"Rain, Overcast"
11/29/22,61.5,42.2,51.5,0,0,rain,0,Partially cloudy
11/30/22,58.4,26.5,33.1,0.077,100,rain,0,"Rain, Partially cloudy"
12/1/22,37,19.4,27.6,0,0,,0,Partially cloudy
12/2/22,56.8,33.4,44.9,0,0,rain,0,Overcast
12/3/22,53.9,24.3,37.9,0,0,rain,0,Partially cloudy
12/4/22,39.3,18.3,28.5,0,0,,0,Partially cloudy
12/5/22,44.9,24.3,35,0,0,,0,Partially cloudy
12/6/22,48.9,40.4,44.7,0.025,100,rain,0,"Rain, Overcast"
12/7/22,46.5,38.7,44.1,0,0,rain,0,Overcast
12/8/22,43.6,39.4,42.2,0.052,100,rain,0,"Rain, Overcast"
12/9/22,44.9,38,41.9,0.115,100,rain,0,"Rain, Overcast"
12/10/22,43,38.5,40.8,0.005,100,rain,0,"Rain, Overcast"
12/11/22,42.1,38.9,40.7,0,0,rain,0,Overcast
12/12/22,42.7,34.9,39.3,0,0,,0,Partially cloudy
12/13/22,42.1,31.1,36.4,0,0,,0,Partially cloudy
12/14/22,51.5,39.8,44.8,0.746,100,rain,0,"Rain, Overcast"
12/15/22,53.1,34.1,39.1,0.28,100,"rain,snow",0,"Snow, Rain, Overcast"
12/16/22,35.1,29.9,32.8,0,0,snow,0.1,Overcast
12/17/22,32.6,23.7,28.7,0,0,,0.2,Overcast
12/18/22,29.6,20.3,23.9,0,0,,0,Partially cloudy
12/19/22,31.9,17.4,23.8,0,0,,0,Partially cloudy
12/20/22,42.7,25.4,32,0,0,,0,Partially cloudy
12/21/22,40.3,24.4,31.7,0,0,,0,Partially cloudy
12/22/22,41,1.4,29.7,0.133,100,"rain,snow",0.4,"Snow, Rain, Overcast"
12/23/22,1,-8.7,-4,0.02,100,snow,0.5,"Snow, Overcast"
12/24/22,15.2,0,7.1,0,0,snow,0.1,Partially cloudy
12/25/22,16.1,4.3,10.6,0,0,,0,Clear
12/26/22,23.1,15.3,19.5,0.001,100,snow,1,"Snow, Overcast"
12/27/22,29.4,21.7,26,0,0,,0,Overcast
12/28/22,49,26.5,37.4,0,0,,0,Partially cloudy
12/29/22,57.7,45.9,52.6,0,0,rain,0,Partially cloudy
12/30/22,56.3,48.6,53.2,0.927,100,rain,0,"Rain, Overcast"
12/31/22,47.7,38.8,41.9,0.254,100,rain,0,"Rain, Partially cloudy"
1/1/23,52,40.3,47.2,0,0,rain,0,Overcast
1/2/23,56.4,48.2,51.5,0,0,rain,0,Overcast
1/3/23,62.4,55.9,59.8,0.876,100,rain,0,"Rain, Overcast"
1/4/23,58.7,37,45.6,0,0,rain,0,Partially cloudy
1/5/23,38.8,33.5,36.5,0.012,100,"rain,snow",0,"Snow, Rain, Overcast"
1/6/23,37,30.7,33.4,0,0,snow,0,Partially cloudy
1/7/23,38.8,24.6,31,0,0,snow,0,Partially cloudy
1/8/23,38,30.4,33.3,0,0,snow,0,Overcast
1/9/23,43,29.4,34.1,0,0,freezingrain,0,Partially cloudy
1/10/23,51.1,33.1,40.5,0,0,,0,Partially cloudy
1/11/23,48.8,38.3,44.2,0.007,100,rain,0,"Rain, Partially cloudy"
1/12/23,47.8,35.9,43.3,0.814,100,"rain,snow",0,"Snow, Rain, Overcast"
1/13/23,35.9,30.8,33.5,0.023,100,snow,0.1,"Snow, Overcast"
1/14/23,30.8,24.7,28.9,0,0,"freezingrain,snow",0,Partially cloudy
1/15/23,41.6,22,31.5,0,0,"rain,snow",0,Partially cloudy
1/16/23,47.5,34.4,38.5,0.146,100,"rain,snow",0,"Snow, Rain, Partially cloudy"
1/17/23,53.3,39.7,46.6,0.056,100,rain,0,"Rain, Partially cloudy"
1/18/23,43.9,35.9,38.5,0.869,100,rain,0,"Rain, Overcast"
1/19/23,53.8,35.4,44.9,0.128,100,"rain,snow",0,"Snow, Rain, Overcast"
1/20/23,35.4,30.3,33.3,0,0,snow,0,Overcast
1/21/23,32.1,29.9,31,0,0,snow,0,Overcast
1/22/23,34,29.9,31.9,0.031,100,snow,2.1,"Snow, Overcast"
1/23/23,33.1,27.8,31,0.005,100,snow,0.4,"Snow, Partially cloudy"
1/24/23,43.5,26.9,34.7,0,0,rain,0.3,Partially cloudy
1/25/23,37,32.5,33.8,0.613,100,"rain,snow",6.2,"Snow, Rain, Overcast"
1/26/23,33.1,24.1,28.1,0,0,snow,0.6,Overcast
1/27/23,40.9,18.9,30.3,0,0,"rain,snow",0,Partially cloudy
1/28/23,51.7,28.9,39.6,0.014,100,rain,0,"Rain, Partially cloudy"
1/29/23,43,30.8,37.9,0.143,100,"rain,freezingrain,snow",0,"Snow, Rain, Freezing Drizzle/Freezing Rain, Overcast"
1/30/23,30.3,19.9,26.4,0.038,100,"freezingrain,snow",0.5,"Snow, Freezing Drizzle/Freezing Rain, Overcast"
1/31/23,23.6,12.4,18.4,0,0,,0,Partially cloudy
2/1/23,28.6,10.9,20.1,0,0,,0,Partially cloudy
2/2/23,39.2,19.5,29.1,0,0,,0,Partially cloudy
2/3/23,25.4,12.2,18.2,0,0,,0,Partially cloudy
2/4/23,43.5,15.5,29.6,0,0,,0,Partially cloudy
2/5/23,50.6,35.3,43,0,0,rain,0,Partially cloudy
2/6/23,44.9,27.5,36,0,0,,0,Partially cloudy
2/7/23,56.8,35.9,48.2,0,0,rain,0,Partially cloudy
2/8/23,50.4,27.5,39,0.306,100,"rain,freezingrain",0,"Rain, Freezing Drizzle/Freezing Rain, Partially cloudy"
2/9/23,59.1,37.1,47.2,0.867,100,rain,0,"Rain, Overcast"
2/10/23,40.9,29.8,36.5,0,0,,0,Partially cloudy
2/11/23,44.5,23.6,33.2,0,0,freezingrain,0,Clear
2/12/23,53.8,24.5,38.5,0,0,freezingrain,0,Clear
2/13/23,55.6,32.2,43.3,0,0,,0,Clear
2/14/23,56.7,32.4,45.2,0.073,100,rain,0,"Rain, Partially cloudy"
2/15/23,63.5,43.4,55.7,0.007,100,rain,0,"Rain, Partially cloudy"
2/16/23,57.7,37,44.7,0.343,100,rain,0,"Rain, Partially cloudy"
2/17/23,34.4,23.3,29.2,0,0,snow,0,Partially cloudy
2/18/23,47.5,21.7,33.8,0,0,,0,Partially cloudy
2/19/23,56.7,39.1,46.6,0,0,,0,Partially cloudy
2/20/23,58.2,37.3,46.9,0,0,,0,Partially cloudy
2/21/23,48.4,39.8,43.7,0,0,,0,Partially cloudy
2/22/23,69.3,38.9,50.9,0.39,100,rain,0,"Rain, Overcast"
2/23/23,65.6,31.4,51.3,0,0,rain,0,Partially cloudy
2/24/23,39.3,22.3,31.4,0,0,,0,Partially cloudy
2/25/23,47.4,32.4,38.4,0,0,"rain,snow",0,Partially cloudy
2/26/23,55.5,29.4,41.6,0,0,freezingrain,0,Partially cloudy
2/27/23,62.3,46.9,52.4,0.359,100,rain,0,"Rain, Overcast"
2/28/23,51.1,39.8,44.8,0,0,rain,0,Partially cloudy
3/1/23,74.7,38.7,53.8,0,0,rain,0,Partially cloudy
3/2/23,51.5,34.4,44.3,0,0,,0,Partially cloudy
3/3/23,43.1,35,40.7,2.278,100,"rain,snow",0.1,"Snow, Rain, Overcast"
3/4/23,53.8,29.9,41.4,0,0,rain,0,Partially cloudy
3/5/23,56.3,35.8,46.6,0,0,"rain,freezingrain",0,Partially cloudy
3/6/23,72.4,43.9,56,0,0,rain,0,Partially cloudy
3/7/23,51.1,39.3,43.9,0,0,rain,0,Partially cloudy
3/8/23,49.9,34.9,41,0,0,snow,0,Partially cloudy
3/9/23,51.9,33.1,42.3,0.083,100,rain,0,"Rain, Partially cloudy"
3/10/23,42.1,35.9,37.9,0.06,100,"rain,snow",0,"Snow, Rain, Overcast"
3/11/23,46,34.4,39.2,0,0,snow,0,Partially cloudy
3/12/23,38,33.1,35.4,0.137,100,snow,0.8,"Snow, Overcast"
3/13/23,34,29.4,31.4,0.048,100,"rain,snow",0.7,"Snow, Rain, Overcast"
3/14/23,38.4,23.9,30.5,0.007,100,"rain,snow",0.2,"Snow, Rain, Partially cloudy"
3/15/23,50.4,20.7,35.6,0,0,snow,0,Partially cloudy
3/16/23,56,35.9,45.2,0.142,100,rain,0,"Rain, Partially cloudy"
3/17/23,52.8,31.9,38.6,0.131,100,rain,0,"Rain, Overcast"
3/18/23,30.2,20,23.5,0.007,100,snow,0.4,"Snow, Partially cloudy"
3/19/23,37,17.8,26.3,0,0,,0,Partially cloudy
3/20/23,50.6,22.7,36.2,0,0,,0,Clear
3/21/23,53.1,33,42.8,0.031,100,rain,0,"Rain, Partially cloudy"
3/22/23,53.4,40.9,47.2,0.126,100,rain,0,"Rain, Overcast"
3/23/23,64.6,45.5,55.8,0.334,100,rain,0,"Rain, Overcast"
3/24/23,44.4,40.9,42.6,1.078,100,rain,0,"Rain, Overcast"
3/25/23,52.2,38.8,44.6,0.657,100,rain,0,"Rain, Partially cloudy"
3/26/23,64.4,33.1,48.6,0.012,100,"rain,freezingrain",0,"Rain, Freezing Drizzle/Freezing Rain, Partially cloudy"
3/27/23,52.9,40.1,44.3,0.465,100,rain,0,"Rain, Overcast"
3/28/23,50.6,28.6,39.3,0,0,snow,0,Partially cloudy
3/29/23,54.4,33.9,42.2,0,0,rain,0,Partially cloudy
3/30/23,61.4,30.7,44.9,0,0,,0,Partially cloudy
3/31/23,68.4,49.3,57.7,0.327,100,rain,0,"Rain, Overcast"
4/1/23,57.2,39.2,46.8,0.206,100,rain,0,"Rain, Partially cloudy"
4/2/23,57.7,33.1,44.4,0,0,,0,Partially cloudy
4/3/23,74.4,44.1,58.2,0,0,rain,0,Partially cloudy
4/4/23,79.5,57.2,65.1,0.007,100,rain,0,"Rain, Partially cloudy"
4/5/23,76.2,46.9,65.9,0.734,100,rain,0,"Rain, Partially cloudy"
4/6/23,49.4,39.2,44.5,0,0,,0,Partially cloudy
4/7/23,56.8,35.9,46.3,0,0,,0,Partially cloudy
4/8/23,61.4,39.3,50,0,0,,0,Partially cloudy
4/9/23,64.5,40.1,53,0,0,,0,Clear
4/10/23,69.1,41.6,56.1,0,0,,0,Partially cloudy
4/11/23,74,43.4,59.9,0,0,,0,Clear
4/12/23,77,53.7,65.6,0,0,,0,Clear
4/13/23,79.4,49.3,65.4,0.001,100,rain,0,Rain
4/14/23,76.8,57.5,66.4,0,0,rain,0,Partially cloudy
4/15/23,79,58.9,68.8,0,0,,0,Partially cloudy
4/16/23,69.9,40.7,52.6,0.231,100,rain,0,"Rain, Overcast"
4/17/23,48.2,35.9,40,0.078,100,"rain,snow",0,"Snow, Rain, Partially cloudy"
4/18/23,61.5,31.7,46.1,0,0,freezingrain,0,Clear
4/19/23,80.9,44.8,60.7,0,0,,0,Partially cloudy
4/20/23,83.4,61,71.1,0,0,,0,Partially cloudy
4/21/23,66.6,47,53.4,0.489,100,rain,0,"Rain, Overcast"
4/22/23,50.6,40.2,45.8,0.012,100,rain,0,"Rain, Partially cloudy"
4/23/23,44.8,34.9,40.3,0,0,"rain,snow",0,Overcast
4/24/23,53.3,29.6,41.8,0,0,,0,Partially cloudy
4/25/23,58.3,38.8,47.1,0,0,rain,0,Partially cloudy
4/26/23,58.9,38.4,48.4,0,0,,0,Partially cloudy
4/27/23,64.1,39.2,52.4,0.011,100,rain,0,"Rain, Partially cloudy"
4/28/23,55,46,50.8,0.393,100,rain,0,"Rain, Overcast"
4/29/23,69.1,43.3,53.6,0.143,100,rain,0,"Rain, Partially cloudy"
4/30/23,50.4,40.8,45.6,0.281,100,rain,0,"Rain, Partially cloudy"
5/1/23,46.3,40.3,42.8,0.273,100,rain,0,"Rain, Overcast"
5/2/23,56.8,42.5,48.2,0,0,rain,0,Partially cloudy
5/3/23,59.5,40.8,49.5,0,0,rain,0,Partially cloudy
5/4/23,67,38.8,54.5,0,0,,0,Clear
5/5/23,74,46.6,61.5,0,0,,0,Partially cloudy
5/6/23,74.4,56.8,65.3,0,0,,0,Partially cloudy
5/7/23,78,61,68.4,0.876,100,rain,0,"Rain, Partially cloudy"
5/8/23,75.7,61.8,67.5,0.051,100,rain,0,"Rain, Partially cloudy"
5/9/23,73.9,54.5,64.3,0,0,rain,0,Partially cloudy
5/10/23,75.8,50.8,64.3,0,0,,0,Partially cloudy
5/11/23,80.1,54.7,68.4,0,0,,0,Partially cloudy
5/12/23,77.5,65.1,71.3,0.025,100,rain,0,"Rain, Partially cloudy"
5/13/23,82.7,66.7,72.9,0.262,100,rain,0,"Rain, Partially cloudy"
5/14/23,75.7,65.3,69.3,0.007,100,rain,0,"Rain, Partially cloudy"
5/15/23,71.5,51.6,61.4,0.165,100,rain,0,"Rain, Partially cloudy"
5/16/23,66.3,56.4,61.3,0.134,100,rain,0,"Rain, Partially cloudy"
5/17/23,71.4,54.2,61.9,0,0,,0,Partially cloudy
5/18/23,74,46,60.2,0,0,,0,Partially cloudy
5/19/23,80.1,51.5,65.4,0.694,100,rain,0,"Rain, Partially cloudy"
5/20/23,65.4,53.3,60,0.081,100,rain,0,"Rain, Partially cloudy"
5/21/23,77,47.1,62.9,0,0,rain,0,Clear
5/22/23,79.8,55.4,68.8,0,0,,0,Partially cloudy
5/23/23,81,57.2,71,0,0,,0,Partially cloudy
5/24/23,83.4,59.4,72.8,0,0,,0,Clear
5/25/23,70.6,49.4,60.6,0,0,,0,Partially cloudy
5/26/23,75.8,48.8,62.6,0,0,,0,Clear
5/27/23,75,51.9,65.6,0,0,,0,Partially cloudy
5/28/23,80.5,60.6,69.8,0,0,,0,Partially cloudy
5/29/23,84.8,56.4,72.6,0,0,,0,Partially cloudy
5/30/23,84.5,62.7,74.4,0.025,100,rain,0,"Rain, Partially cloudy"
5/31/23,86,66,74.2,0.276,100,rain,0,"Rain, Partially cloudy"
6/1/23,87.3,65.1,76.9,0,0,,0,Partially cloudy
6/2/23,89.9,62.8,78,0,0,,0,Clear
6/3/23,90.7,66.8,79.2,0.016,100,rain,0,"Rain, Partially cloudy"
6/4/23,82.1,64.5,74.2,0,0,,0,Partially cloudy
6/5/23,80.3,55.4,68.7,0,0,,0,Partially cloudy
6/6/23,84.4,56.6,71.9,0,0,,0,Partially cloudy
6/7/23,78.1,64,69.5,0,0,rain,0,Partially cloudy
6/8/23,76.9,52.6,66.3,0,0,,0,Clear
6/9/23,80,52.6,67.3,0,0,,0,Clear
6/10/23,82.9,55.3,71.2,0,0,,0,Partially cloudy
6/11/23,67,59.8,63.3,0.659,100,rain,0,"Rain, Partially cloudy"
6/12/23,65.8,53.4,59.1,0.005,100,rain,0,"Rain, Partially cloudy"
6/13/23,69.7,54.3,62.4,0.054,100,rain,0,"Rain, Partially cloudy"
6/14/23,76.9,60.1,68.1,0.058,100,rain,0,"Rain, Partially cloudy"
6/15/23,85.4,60.4,72.5,0,0,rain,0,Partially cloudy
6/16/23,71,52.4,62.7,0,0,,0,Partially cloudy
6/17/23,80.5,55.8,68.4,0,0,,0,Clear
6/18/23,81.4,58.6,71.6,0,0,,0,Partially cloudy
6/19/23,79,68.1,73.6,0.005,100,rain,0,"Rain, Partially cloudy"
6/20/23,87.2,69,76.3,0,0,rain,0,Partially cloudy
6/21/23,87.1,69,77.3,0,0,,0,Partially cloudy
6/22/23,78.5,65.5,72.2,0,0,rain,0,Partially cloudy
6/23/23,80.9,67.9,73.1,0,0,rain,0,Overcast
6/24/23,89,64.4,77,0,0,,0,Partially cloudy
6/25/23,87.6,71,77.3,0.155,100,rain,0,"Rain, Partially cloudy"
6/26/23,79.4,66.3,72.9,0.018,100,rain,0,"Rain, Partially cloudy"
6/27/23,75.7,63.4,68.6,0,0,rain,0,Partially cloudy
6/28/23,82.9,57.2,69.8,0,0,,0,Overcast
6/29/23,86,65.5,70.9,0.357,100,rain,0,"Rain, Partially cloudy"
6/30/23,87.9,64.9,76.2,0.002,100,rain,0,"Rain, Partially cloudy"
7/1/23,84.7,68.5,75,0.858,100,rain,0,"Rain, Partially cloudy"
7/2/23,85.4,69.1,73.7,0.505,100,rain,0,"Rain, Partially cloudy"
7/3/23,84.6,68.6,75.5,0.023,100,rain,0,"Rain, Partially cloudy"
7/4/23,89.4,66.8,78,0.143,100,rain,0,"Rain, Partially cloudy"
7/5/23,89.6,69.8,80.1,0.005,100,rain,0,"Rain, Partially cloudy"
7/6/23,84.5,71.1,77.3,0.008,100,rain,0,"Rain, Partially cloudy"
7/7/23,83.9,66,75.7,0,0,,0,Partially cloudy
7/8/23,78.4,64.9,72.5,1.358,100,rain,0,"Rain, Partially cloudy"
7/9/23,80.4,61,70.7,0,0,rain,0,Partially cloudy
7/10/23,83.1,62.2,73.7,0,0,,0,Partially cloudy
7/11/23,84.8,64.6,75.8,0,0,,0,Clear
7/12/23,86.5,68.9,78.1,0,0,,0,Partially cloudy
7/13/23,81.9,70.5,75.4,0,0,rain,0,Partially cloudy
7/14/23,88,65.3,77.1,0,0,,0,Partially cloudy
7/15/23,83.4,69.2,76.3,0.1,100,rain,0,"Rain, Partially cloudy"
7/16/23,83.5,65.7,74.3,0.376,100,rain,0,"Rain, Partially cloudy"
7/17/23,82.4,65,72,0.871,100,rain,0,"Rain, Partially cloudy"
7/18/23,80.8,64.5,72.2,0.073,100,rain,0,"Rain, Partially cloudy"
7/19/23,84.3,65.4,75,0,0,rain,0,Partially cloudy
7/20/23,85.8,71.4,77.1,0.075,100,rain,0,"Rain, Partially cloudy"
7/21/23,79.5,65.2,72.8,0,0,rain,0,Partially cloudy
7/22/23,81.4,63.2,73.2,0,0,rain,0,Partially cloudy
7/23/23,83.9,62.9,74,0.013,100,rain,0,"Rain, Partially cloudy"
7/24/23,86.6,67.2,75.6,0.13,100,rain,0,"Rain, Partially cloudy"
7/25/23,86.5,66.4,77.1,0.007,100,rain,0,Rain
7/26/23,87.7,71.9,80.1,0.3,100,rain,0,"Rain, Partially cloudy"
7/27/23,88.5,75.4,82,0,0,,0,Partially cloudy
7/28/23,91,72.1,82.2,0.514,100,rain,0,"Rain, Partially cloudy"
7/29/23,84.2,70.1,78.6,0.399,100,rain,0,"Rain, Partially cloudy"
7/30/23,84.6,66.7,76.4,0,0,,0,Partially cloudy
7/31/23,80.8,63.3,72.5,0,0,,0,Partially cloudy
8/1/23,82.1,61.3,71.9,0,0,,0,Partially cloudy
8/2/23,81.6,63.2,72.8,0,0,,0,Partially cloudy
8/3/23,86.5,67.5,76.6,0,0,,0,Partially cloudy
8/4/23,89,67.3,78.3,0,0,,0,Partially cloudy
8/5/23,87,71.3,78.1,0.002,100,rain,0,"Rain, Partially cloudy"
8/6/23,78.6,66.2,72.3,0.023,100,rain,0,"Rain, Partially cloudy"
8/7/23,74.1,68,71,0.355,100,rain,0,"Rain, Partially cloudy"
8/8/23,80.2,61.7,70.6,0.358,100,rain,0,"Rain, Partially cloudy"
8/9/23,80,63.9,70,1.421,100,rain,0,"Rain, Partially cloudy"
8/10/23,80.5,66,72.1,0.012,100,rain,0,"Rain, Partially cloudy"
8/11/23,83.5,65.9,74.9,0,0,rain,0,Partially cloudy
8/12/23,86,72,77.7,0.064,100,rain,0,"Rain, Partially cloudy"
8/13/23,85.4,64.7,75.8,0,0,rain,0,Partially cloudy
8/14/23,77.2,68.5,72.2,0.736,100,rain,0,"Rain, Partially cloudy"
8/15/23,71.9,63,67.3,0.006,100,rain,0,"Rain, Partially cloudy"
8/16/23,78.6,58,68.8,0,0,,0,Clear
8/17/23,76.3,61,68.7,0.105,100,rain,0,"Rain, Partially cloudy"
8/18/23,75.8,57.4,67.1,0,0,,0,Partially cloudy
8/19/23,79.4,58.7,69.3,0,0,rain,0,Partially cloudy
8/20/23,89,65.3,77.5,0,0,rain,0,Partially cloudy
8/21/23,91.2,76.1,83.7,0,0,rain,0,Partially cloudy
8/22/23,87.6,74,81.1,0,0,,0,Partially cloudy
8/23/23,90,70.3,80.1,0,0,,0,Partially cloudy
8/24/23,92.4,78.5,84.5,0,0,,0,Partially cloudy
8/25/23,91,79.4,84.7,0,0,,0,Partially cloudy
8/26/23,84.4,71.8,77.9,0.007,100,rain,0,"Rain, Partially cloudy"
8/27/23,79.9,67.2,72,0,0,,0,Partially cloudy
8/28/23,79.5,58.7,69.1,0,0,,0,Clear
8/29/23,81,56.9,70.2,0.001,100,rain,0,"Rain, Partially cloudy"
8/30/23,73.9,59.9,67.4,0,0,,0,Partially cloudy
8/31/23,76.5,54.2,65.4,0,0,,0,Clear
9/1/23,82.6,56.2,69.8,0,0,,0,Clear
9/2/23,87.7,62.8,75.4,0,0,,0,Partially cloudy
9/3/23,87.3,70.4,78.5,0,0,,0,Partially cloudy
9/4/23,89.4,67.5,78.3,0,0,,0,Partially cloudy
9/5/23,88.6,72.2,79.2,0.041,100,rain,0,"Rain, Partially cloudy"
9/6/23,83.9,70,75.5,0.225,100,rain,0,"Rain, Partially cloudy"
9/7/23,73.7,66,69,0.01,100,rain,0,"Rain, Overcast"
9/8/23,74,62.5,67.3,0,0,,0,Overcast
9/9/23,75.7,63.5,67.3,0.047,100,rain,0,"Rain, Partially cloudy"
9/10/23,78.6,57.6,67.7,0,0,,0,Partially cloudy
9/11/23,80.1,58.4,69,0.012,100,rain,0,"Rain, Partially cloudy"
9/12/23,73.2,61.8,66.8,0.034,100,rain,0,"Rain, Partially cloudy"
9/13/23,74.9,51.8,63,0,0,rain,0,Partially cloudy
9/14/23,75.1,51.7,63.2,0,0,,0,Partially cloudy
9/15/23,76.5,53,64.9,0,0,,0,Clear
9/16/23,71.2,54.4,62.6,0,0,,0,Partially cloudy
9/17/23,71.6,54.8,62.2,0.021,100,rain,0,"Rain, Partially cloudy"
9/18/23,71.4,53.7,62.3,0,0,,0,Partially cloudy
9/19/23,76.4,51.8,64.2,0,0,,0,Partially cloudy
9/20/23,81.7,54.9,68.5,0,0,,0,Partially cloudy
9/21/23,79.7,64.3,71.1,0,0,,0,Partially cloudy
9/22/23,82.1,59.3,71.1,0,0,,0,Partially cloudy
9/23/23,78.7,56.6,68.1,0,0,,0,Partially cloudy
9/24/23,81.4,53.1,66.8,0,0,,0,Partially cloudy
9/25/23,83,60.2,70.3,0,0,,0,Partially cloudy
9/26/23,79.5,61.4,67.3,0.063,100,rain,0,"Rain, Partially cloudy"
9/27/23,74.5,62.9,66.5,0.889,100,rain,0,"Rain, Partially cloudy"
9/28/23,74.4,61.7,65.8,0.026,100,rain,0,"Rain, Partially cloudy"
9/29/23,75.7,59,66.6,0.005,100,rain,0,"Rain, Partially cloudy"
9/30/23,82.1,55.6,68.6,0,0,,0,Clear
10/1/23,83.9,58.2,70.6,0,0,,0,Clear
10/2/23,84.1,59.8,71.4,0,0,,0,Clear
10/3/23,85.6,59.1,71.8,0,0,,0,Clear
10/4/23,83.4,62.6,72.6,0,0,,0,Partially cloudy
10/5/23,69.6,62.6,66,0.796,100,rain,0,"Rain, Partially cloudy"
10/6/23,68.2,47,59.8,0.004,100,rain,0,"Rain, Partially cloudy"
10/7/23,60.2,44.4,51.3,0,0,,0,Partially cloudy
10/8/23,54.6,42.8,49.1,0,0,,0,Partially cloudy
10/9/23,60.6,42.6,52.2,0.005,100,rain,0,"Rain, Partially cloudy"
10/10/23,63,40.5,51.4,0,0,,0,Clear
10/11/23,68.4,39.8,54.2,0.005,100,rain,0,"Rain, Partially cloudy"
10/12/23,77.1,51.5,63.5,0,0,,0,Partially cloudy
10/13/23,73.7,53.1,62.2,0.415,100,rain,0,"Rain, Partially cloudy"
10/14/23,64.1,51.1,55.9,0.107,100,rain,0,"Rain, Overcast"
10/15/23,56.1,46.4,51,0.03,100,rain,0,"Rain, Overcast"
10/16/23,55.5,47,50.7,0.062,100,rain,0,"Rain, Overcast"
10/17/23,61,48.8,52.9,0,0,,0,Partially cloudy
10/18/23,65.6,42.5,53.9,0,0,,0,Partially cloudy
10/19/23,57.3,52.7,55.2,0.31,100,rain,0,"Rain, Overcast"
10/20/23,57,46,53.2,0.068,100,rain,0,"Rain, Partially cloudy"
10/21/23,72.6,40.8,54.6,0,0,rain,0,Partially cloudy
10/22/23,57.8,44.8,51.1,0,0,,0,Partially cloudy
10/23/23,68,37.4,51.7,0,0,,0,Clear
10/24/23,75.9,48.4,62,0,0,,0,Partially cloudy
10/25/23,72.4,62,66.6,0,0,,0,Partially cloudy
10/26/23,74.9,58.9,67.6,0,0,,0,Partially cloudy
10/27/23,75.8,64.9,69.5,0.005,100,rain,0,"Rain, Partially cloudy"
10/28/23,69.4,49,54.7,0.155,100,rain,0,"Rain, Overcast"
10/29/23,51.2,47.1,49.6,0.444,100,rain,0,"Rain, Overcast"
10/30/23,46.2,33,41.4,0.14,100,rain,0,"Rain, Partially cloudy"
10/31/23,40.9,27.9,33.6,0,17,snow,0,Partially cloudy
11/1/23,43.1,27.9,35,0,12,snow,0,Partially cloudy
11/2/23,49.2,30.3,38.8,0,0,,0,Partially cloudy
11/3/23,55.1,36.6,45.5,0,2,,0,Partially cloudy
11/4/23,60.5,44.5,51.8,0,21,,0,Partially cloudy
11/5/23,55.8,45.6,50.5,0.098,26,rain,0,Partially cloudy
11/6/23,56,45,50.4,0.35,38,rain,0,Partially cloudy
11/7/23,51.3,40.9,46.6,0.032,52.4,rain,0,"Rain, Partially cloudy"
11/8/23,45.8,36,40.8,0,38.1,,0,Partially cloudy
11/9/23,50.6,35.5,43.1,0,38.1,,0,Partially cloudy
11/10/23,45.8,43.8,44.4,0,28.6,,0,Overcast
11/11/23,48.8,44.9,47.5,0,28.6,,0,Overcast
11/12/23,46.5,36.9,40.6,0,14.3,rain,0,Partially cloudy
11/13/23,48.1,33,39.7,0.413,23.8,rain,0,Clear
11/14/23,51.3,34.6,43.2,0.055,19,,,Partially cloudy
11/15/23,50.8,35.7,42.9,0.15,0,,,Partially cloudy
11/16/23,48.3,34.8,41.3,0.083,9.5,,,Partially cloudy
11/17/23,48.5,33.9,40.9,0.146,4.8,,,Partially cloudy
11/18/23,50.3,35,43.1,0.165,19,,,Partially cloudy
11/19/23,49.4,34.4,42.2,0.063,0,,,Partially cloudy
11/20/23,48.3,34.2,40.9,0.012,0,,,Partially cloudy
11/21/23,49.2,33.2,41.4,0.055,19,,,Partially cloudy
11/22/23,48.8,33,41.1,0.067,9.5,,,Partially cloudy
11/23/23,49.5,32.8,40.9,0.244,23.8,,,Partially cloudy
11/24/23,47.9,32.1,39.3,0.181,4.8,,,Partially cloudy
11/25/23,46.8,31.9,39.8,0.134,19,,,Partially cloudy
11/26/23,47.4,33.9,40.5,0.079,9.5,,,Partially cloudy
11/27/23,46.7,32.6,39.5,0.169,9.5,,,Partially cloudy
11/28/23,45.8,31.4,38.4,0.157,9.5,,,Partially cloudy
11/29/23,48.1,33.9,40.5,0.118,23.8,,,Partially cloudy
11/30/23,48.1,33.3,40.2,0.169,14.3,,,Partially cloudy
12/1/23,44,29.6,36.6,0.11,0,,,Partially cloudy
12/2/23,43.4,29.9,36.9,0.094,9.5,,,Partially cloudy
12/3/23,42.5,30.6,36.6,0.016,4.8,,,Partially cloudy
12/4/23,42.5,31.4,37.1,0.075,19,,,Partially cloudy
12/5/23,41.3,26.5,33.5,0.169,14.3,,,Partially cloudy
12/6/23,38.6,25.1,31.9,0.039,4.8,,,Partially cloudy
12/7/23,37.1,24.3,30.6,0.063,4.8,,,Partially cloudy
12/8/23,38.7,25.1,31.9,0.067,4.8,,,Partially cloudy
12/9/23,41.1,27,34.2,0.154,4.8,,,Partially cloudy
12/10/23,38,25.4,31.9,0.067,9.5,,,Partially cloudy
12/11/23,41.1,25.6,33.3,0.106,19,,,Partially cloudy
12/12/23,38.9,26.5,32.6,0.102,9.5,,,Partially cloudy
12/13/23,40.7,27.4,34.6,0.122,9.5,,,Partially cloudy
12/14/23,41.3,29.9,35.5,0.157,14.3,,,Partially cloudy
12/15/23,39.3,26,32.4,0.11,23.8,,,Partially cloudy
12/16/23,39.6,26.7,33.2,0.122,14.3,,,Partially cloudy
12/17/23,36.2,26.1,30.8,0.083,4.8,,,Partially cloudy
12/18/23,36.8,23.8,30.5,0.039,9.5,,,Partially cloudy
12/19/23,37.7,23.8,30.8,0.114,23.8,,,Partially cloudy
12/20/23,38.9,24.7,32.1,0.102,23.8,,,Partially cloudy
12/21/23,40.9,26.3,33.2,0.24,4.8,,,Partially cloudy
12/22/23,40.2,26.9,33.5,0.075,19,,,Partially cloudy
12/23/23,39.8,26.1,32.8,0.209,14.3,,,Partially cloudy
12/24/23,36.2,23.4,29.7,0.071,14.3,,,Partially cloudy
12/25/23,36.2,22.5,29.2,0.114,4.8,,,Partially cloudy
12/26/23,39.1,24.9,32.3,0.094,14.3,,,Partially cloudy
12/27/23,38.9,25.8,32.3,0.177,9.5,,,Partially cloudy
12/28/23,41.1,25.8,33.2,0.071,9.5,,,Partially cloudy
12/29/23,39.5,27.2,33.3,0.079,4.8,,,Partially cloudy
12/30/23,39.5,26.3,33,0.043,19,,,Partially cloudy
12/31/23,40.4,27.9,33.9,0.299,10,,,Partially cloudy